"state","name","county","storet_code","lake_type","drainage_area","surface_area","mean_depth","total_inflow","retention_time","alkalinity","conductivity","sechhi","tp","po4","tin","tn","p_pnt_source_muni","p_pnt_source_industrial","p_pnt_source_septic","p_nonpnt_source","p_total","n_pnt_source_muni","n_pnt_source_industrial","n_pnt_source_septic","n_nonpnt_source","n_total","p_total_out","p_percent_retention","p_surface_area_loading","n_total_out","n_percent_retention","n_surface_area_loading"
"MINNESOTA","81G STONE","BIG STONE. (MN); ROUERTS. GRANT. (SD)","2709","NATURAL",3004.4,51.03,3.4,3.3,1.7,131,800,1,0.159,0.126,0.335,NA,7696,23,213,8014,NA,22599,NA,8036,188812,NA,15846,1,0.31,214068,2,4.3
"MINNESOTA",NA,"CASS","2710","NAfuﬁAL",NA,5.19,3,NA,NA,106,210,2.4,0.019,0.009,0.09,NA,NA,NA,NA,NA,NA,NA,NA,NA,NA,NA,NA,NA,NA,NA,NA,NA
"MINNESOTA","BLACKDUCK LAKE","BELTRAMI","2711","NATURAL",75.11,11.1,4.5,0.4,4.2,128,243,1.7,0.038,0.019,0.195,NA,NA,NA,NA,NA,1592,2023,NA,400.404448,27329,NA,717,55,0.14,16091,45,2.6
"MINNESOTA",NA,NA,"2712","NATURAL",20.72,0.74,4.4,0.1,257,103,230,1.6,0.043,0.024,0.185,NA,639,NA,9,254,NA,NA,NA,268,6522,8703,NA,1,0,5075,42,11.3
"MINNESOTA",NA,"WRIGHT","2713","NATURAL",113.96,6.11,4.4,0.6,1.4,NA,395,1,0.209,0.16,0.795,NA,4821,NA,23,1129,NA,10086,NA,853,18000,NA,NA,34,0.98,51429,NA,4.7
"MINNESOTA","CARRIGAN LAKE IMYPEREUTROPMICI","NRIGMT","271A","NATURAL",NA,0.66,NA,NA,NA,185,NA,0.3,1.215,0.785,0.29,NA,NA,NA,NA,NA,NA,NA,NA,NA,NA,NA,NA,NA,NA,NA,NA,NA
"MINNESOTA",NA,"BELTRAMIo CASS","2715","NATURAL",NA,63.12,7.6,17.8,313,140,280,1.9,0.02,0.009,0.14,NA,NA,NA,NA,13261,22227,46390,NA,NA,NA,552358,8118,63,0.35,NA,18,8.8
"MINNESOTA","CLEARHATER LAKE","WRIGHT. STEARNS","2716","NATURAL",450.66,12.88,5.2,1.5,1.4,153,358,1.6,0.028,0.014,0.145,NA,3138,NA,NA,5433,8630,NA,NA,2227,NA,107161,2036,76,0.67,NA,NA,8.3
"MINNESOTA","COKATO LAKE","MRIGMT","2719","NATURAL",116.55,NA,2.2,7.6,0.5,225,NA,1.9,0.231,0.218,1.075,NA,1551,NA,9,4159,5719,5497,NA,372,54367,60236,3202,44,2.6,40304,33,27.4
"MINNEbUTA","CRANdERRY LAKE","CROR RING","2720","NATURAL",NA,0.08,NA,NA,NA,42,110,1.2,0.027,0.017,0.19,NA,NA,NA,NA,NA,NA,NA,NA,NA,NA,NA,NA,NA,NA,NA,NA,NA
"MINNESOTA",NA,"ST. LOUIS","2725","NATURAL",16.32,0.69,3.1,0.1,NA,88,278,1.9,1.38,1.26,0.48,NA,5351,NA,NA,95,5447,16059,NA,NA,4163,20222,1828,66,7.87,6295,69,29.2
"MINNESOTA","EMMARRASS LAKE","ST. LOUIS","2728","NATURAL",NA,2.05,2.6,2.8,22,37,130,1,0.025,0.013,0.2,NA,1683,NA,9,1810,3501,5043,NA,376,104068,NA,3587,NA,1.71,82195,25,53.4
"MINNESOTA","FALL LAKE","LAKE","2730","NATURAL",NA,8.79,4,NA,NA,NA,50,1.6,0.02,0.011,0.12,NA,NA,NA,NA,NA,NA,NA,NA,NA,NA,NA,NA,NA,NA,NA,NA,NA
"MINNESOTA","GULL LANE","CASS.CRON RING","2737","NATURAL",766.64,38.61,9.1,3.8,2.9,106,208,2.3,0.022,0.011,0.15,NA,NA,NA,150,3519,3669,NA,NA,5701,136263,NA,22900,380,10,87560,38,3.7
"MINNESOTA","HERON LAKE","JACKSON","2739","NATURAL",1222.48,33.39,0.9,2.6,135,128,NA,0.3,0.302,0.154,0.135,NA,14082,NA,NA,20535,34617,NA,NA,NA,NA,554308,22426,35,1.04,341787,38,16.6
"MlNNEbUTA","LEECH LAKE","CASS","2746","NATURAL",NA,453.26,4.7,13.1,5.2,132,260,2.2,0.015,0.009,0.13,NA,1751,NA,5,16209,NA,5261,NA,181,1071065,1076507,8222,54,0.04,525170,51,2.4
"MINNESOTA",NA,"BLUE EARTH","2747","NATURAL",112.92,0.57,0.9,0.3,20,184,533,0.3,0.607,0.297,0.235,NA,2036,NA,NA,1746,3782,6821,NA,NA,87179,NA,5651,NA,6.58,NA,NA,163.6
"MINNESOTA","LITTLE LAKE","GRANT","2748","NATURAL",NA,0.28,NA,NA,NA,200,790,1.1,0.93,0.765,0.2,NA,NA,NA,NA,NA,NA,NA,NA,NA,NA,NA,NA,NA,NA,NA,NA,NA
"MINNESOTA","MADISON LAKE","BLUE EARTH","2750","NATURAL",61.64,4.5,4,0.2,3.3,131,305,0.9,0.05,0.02,0.68,NA,NA,45,667,889,1601,NA,63,NA,48218,50277,385,76,0.36,NA,62,11.2
"MINNESOTA","MALMEUAL LAKE","POPE","2752","NATURAL",21.5,0.79,1.8,0,1.3,180,563,0.4,0.125,0.03,0.395,NA,136,NA,NA,82,216,NA,NA,NA,3429,3850,544,NA,0.26,3333,13,4.9
"CONNECTICUT",NA,NA,NA,"IMPOUNDMENT",1851.85,1035,2.7,3505,1.2,20,115,0.8,0.092,0.053,0.59,NA,28259,NA,140,1068160,NA,80236,NA,535,NA,1760237,NA,7,100024,16103940,9,1306.2
"MINNESOTA","MASHKENODE LAKE","ST. LOUIS","2756","NATURAL",45.58,0.41,2.1,0.3,40,101,NA,300,1,0.075,0.022,0.145,NA,NA,NA,268,2200,5787,NA,NA,10313,16100,567,74,5.38,7066,56,39.4
"MINNESOTA","MCOUADE LAKE","ST. LOUIS","2757","NATURAL",64.23,0.66,2.7,0.4,57,60,195,1.4,0.04,0.02,0.13,NA,367,NA,NA,426,794,1107,NA,NA,23088,20195,5620,290,1020,21206,12,36.5
"MINNESOTA","LAKE MINNETONKA","HENNEPIN","2760","NAIURAL",NA,58.56,6.9,NA,15,130,360,1.4,0.047,0.018,0.26,NA,NA,NA,NA,NA,NA,NA,NA,NA,NA,NA,NA,NA,NA,NA,NA,NA
"MINNESOTA",NA,NA,"297/AB","NATURAL",227.92,28.77,6,0.4,1207,220,640,1.7,0.035,0.017,0.14,NA,NA,NA,177,1129,NA,3789,NA,6571,NA,66345,4260,90,NA,14181,79,2.3
"MINNESOTA","PELICAN LAKE","ST. LOUIS","2765","NATURAL",NA,44.29,2.4,1,3.3,35,89,1.7,0.032,0.011,0.15,NA,358,NA,73,2086,2517,1070,NA,2780,82417,86268,1347,46,0.06,34277,60,1.9
"MINNESOTA","RABBIT LAKE","CROW MING","2771","NATURAL",NA,2.15,7.2,NA,NA,106,280,2.7,0.028,0.012,0.1,NA,NA,NA,NA,NA,NA,NA,NA,NA,NA,NA,NA,NA,NA,NA,NA,NA
"MINNESOTA","STLOUIS dAY","ST.LOUIS¢ (MN); DOUGLAS! (NI)","538/AB","NATURAL",NA,NA,3.4,67.9,6,39,160,0.6,0.216,0.161,0.82,NA,156349,NA,NA,162122,318472,543528,NA,NA,NA,NA,226553,29,32.53,3467383,1,357.2
"MINNESOTA","SILVER LAKE","MCLEOD","2782","NATURAL",5.7,1.71,1.2,0,2.3,186,480,0.3,0.6,0.31,0.36,NA,789,NA,NA,118,NA,2358,NA,NA,3837,6195,662,27,0.53,NA,32,3.6
"MINNESOTA","st MILE LAKE","ST. LOUIS","2783","NATURAL",38.33,0.34,1.9,0.2,30,127,320,0.9,0.235,0.151,0.095,NA,1533,NA,NA,195,1728,NA,NA,NA,8707,13302,700,50,5.08,15250,NA,39.1
"MINNESOTA","SUPERIOR BAY","ST. LOUIS. (MN); DOUGLAS. (H1)","2786","NATURAL",10828.52,14.69,3.8,82.6,8,44,130,0.6,0.079,0.044,0.44,NA,NA,NA,NA,204653,353052,NA,NA,NA,3552790,NA,144259,59,24.03,NA,31,286.1
"CONNECTICUT",NA,"LITCHFIELD","313/AB","NATURAL",85.99,3.71,4.4,1.7,112,NA,33,110,1.7,0.044,0.014,0.135,NA,NA,NA,2132,2322,535,NA,NA,44562,45098,2431,NA,0.63,NA,NA,12.2
"MINNESOTA","SMAN LAKE","ITASCA","2788","NATURAL",NA,10.58,12.1,1.7,2.4,79,190,2.9,0.013,0.009,0.08,NA,3193,NA,95,1687,NA,NA,NA,3624,67710,81075,1052,79,0.47,33565,59,7.7
"MINNESOTA","TRACE LAKE","TODD","2792","NATURAL",4.14,1.12,NA,0,NA,206,420,1.1,1.13,0.088,1.08,NA,367,NA,NA,50,417,1107,NA,NA,2005,NA,91,78,0.37,780,75,2.8
"MINNESOTA","TROUT LAKE","ITASCA","SOB/Ab","NATURAL",41.96,7.65,15.2,0.2,17.4,119,320,2.8,0.05,0.04,0.08,NA,2204,NA,9,290,2503,6612,NA,331,14608,21551,200,92,0.33,6168,71,2.8
"MAMPSMIRE","POMDER MILL POND IEUTROPMICI","MILLSSORDUGM .","3302","1MPDUNUMENT",372.96,1.51,2.5,6.7,6.5,10,65,1.2,0.033,0.016,0.17,NA,2540,NA,5,2141,4605,11247,NA,213,NA,NA,4413,6,3.11,6417,2,60.2
"HAMPSHIRE",NA,NA,NA,"NATURAL",NA,180.44,13.1,18.2,4,10,51,5.6,0.006,0.004,0.06,NA,10005,NA,1710,10603,22317,37420,NA,36313,413523,487256,5179,77,0.12,135778,72,2.7
"HAMPSHIRE","KELLYS FALLS POND","HILLSBOROUGH","3305","IMPOUNUMENT",564.62,0.52,2.3,8.9,1.5,10,65,1.8,0.024,0.015,0.31,NA,3229,NA,63,11728,15020,NA,NA,2449,140476,152780,10122,33,28.77,178862,NA,NA
"HAMPSHIRE",NA,"HILLSBOROUGH","3306","IMPOUNDMENT",523.18,0.61,3.4,8.3,3,10,75,1.7,0.028,0.015,0.135,NA,4032,NA,36,NA,8023,11646,NA,1333,147714,160694,5469,32,13.13,115370,28,263
"YORK","BLACK LAKE","ST LAHRENCE","3602","NATURAL",1445.22,33,NA,27,NA,56,120,1.9,0.03,0.017,0,NA,NA,NA,NA,54200,NA,NA,NA,NA,NA,NA,41596,23,1.6,NA,4,20.5
"YORK",NA,NA,"304/A8","NATURAL",476.56,42.99,39,3.6,15,NA,310,4.5,0.009,0.005,0.38,NA,2481,NA,299,3261,6041,NA,NA,4485,144671,158825,2100,65,0.14,NA,50,3.7
"CONNECTICUT","COMMUNITY LAKE","NEW HAVEN","903","IMPOUNOMENT",282.31,0.36,NA,5.5,NA,66,280,NA,0.9,0.488,0.36,2.15,38236,NA,NA,57007,NA,NA,NA,NA,NA,576716,NA,4,261.49,553528,4,1583.4
"YORK",NA,"DELAWARE","SOI/AB","IMPOUNDMENT",1175.86,NA,19.2,20.6,210,10,65,1.8,0.046,0.022,0.61,NA,NA,NA,NA,82780,82780,NA,NA,NA,851211,851211,NA,24,43.3,NA,NA,NA
"YORK","CARRY FALLS RESERVOIR","ST. LAWRENCE","3606","NATURAL",2261.07,26.14,5.4,42.9,38,10,50,2.3,0.01,0.006,0.3,NA,NA,NA,5,18635,18639,NA,NA,159,NA,NA,13456,28,0.71,1376843,NA,45.6
"YORK","CASSADAGA LAKE","CHAUTAUOUA","3607","NATURAL",15.54,0.35,NA,0.3,6,32,200,2.6,0.026,0.011,0.42,NA,454,NA,5,222,630,1361,NA,127,11332,13370,254,63,0.3,10375,19,15.7
"YORK","CAYUGA LAKE","CAYUGAQSENECA9 TOMPKINS","3608","NATURAL",2033.15,171.98,54.6,26.4,11.2,105,500,2.8,0.014,0.008,0.78,NA,37075,NA,336,46676,84086,175179,NA,12721,1186815,1374715,40399,52,0.49,NA,22,8
"YORK",NA,NA,"296/A8","NATURAL",NA,57.2,6.9,9.2,1,9,150,2,0.028,0.013,0.09,NA,8213,NA,200,7156,15574,35029,NA,7602,263551,306222,18150,NA,0.27,306022,NA,5.4
"YORK","CROSS LAKE IEUTRDPHICI","CAYUGA.ONONDAGA","3611","NATURAL",3031.59,3.31,5.5,35.4,7,129,650,1.3,0.076,0.042,0.435,NA,NA,NA,45,236127,NA,304005,NA,1633,4123799,NA,223376,23,33.52,NA,10,503
"YORK",NA,"OTSEGO","3613","NATURAL",NA,1.48,NA,15.6,NA,96,230,1.4,0.026,0.009,0.24,NA,3673,NA,50,18381,22104,13379,NA,NA,504295,NA,16127,27,14.96,NA,NA,351.8
"YORK","LAKE HUNTINGTON","SULLIVAN","3615","NATURAL",1.81,0.34,NA,0,0.5,14,20,3.5,0.015,0.01,0.26,NA,NA,NA,5,32,36,NA,NA,236,1179,1415,10,50,0.11,685,52,4.2
"YORK","KEUKA LAKE","YATES. STEUBEN","3617","NATURAL",471.38,47.4,22.6,4.3,7.8,74,241,3.6,0.008,0.005,0.305,NA,NA,NA,NA,4195,NA,NA,NA,NA,NA,207524,2345,53,0.1,104576,50,4.4
"YORK","LONG LAKE","HAMILTON","3619","NATURAL",NA,16.55,NA,26.6,NA,10,50,2.9,0.008,0.005,0.22,NA,NA,NA,91,7347,7438,NA,NA,3370,667601,NA,8889,NA,0.45,NA,NA,40.5
"CONNECTICUT",NA,"TOLLAND","904","IMPOUNDMENT",287.49,0.32,0.9,5.3,0.6,10,NA,1.6,0.094,0.04,0.5,NA,11374,NA,14,6127,17515,NA,NA,535,180689,NA,13819,21,54.1,257710,NA,775.1
"YORK","OTTER LAKE","CAYUGA","3625","NATURAL",7.51,1.14,NA,0.1,NA,122,270,1.1,0.043,0.011,0.24,NA,NA,NA,NA,77,77,NA,NA,NA,7410,NA,177,NA,0.07,6399,14,6.5
"YORK","ONASCO","CAYUGA","3627","NATURAL",NA,26.68,29.3,NA,NA,107,280,2.7,0.009,0.005,0.94,NA,NA,NA,NA,NA,NA,NA,NA,NA,NA,NA,NA,NA,NA,NA,NA,NA
"YORK","ROUND LAKE","SARATOGA","3630","NATURAL",NA,1.3,NA,1.1,NA,76,260,1.2,0.076,0.025,0.31,NA,1007,NA,NA,5751,6757,3016,NA,NA,NA,47451,5560,18,5.22,82390,NA,36.6
"YORK",NA,"FULTON. SARATOGA","3632","NATURAL",2703.96,122,7.6,64.7,166,10,50,3.5,0.009,0.006,0.27,NA,567,NA,150,21156,21873,1701,NA,5605,1682890,NA,16077,26,0.18,1741714,NA,13.9
"YORK",NA,"SARATOGA","3633","NATURAL",631.96,16.32,7.9,10,150,72,232,2.5,0.025,0.016,0.145,NA,13206,NA,86,12796,26086,NA,NA,3166,286190,358431,12166,53,1.6,276367,23,22
"YORK","SCHROON","ESSEA.MARREN","3634","NATURAL",1116.66,16.71,14.3,16.1,153,10,59,3.7,0.004,0.003,0.16,NA,NA,NA,195,6345,6540,NA,NA,7324,607156,614461,14644,NA,0.39,732626,NA,36.6
"YORK",NA,NA,"341/AB","NATURAL",1823.36,175.35,33.7,14.6,33.7,93,790,4,0.01,0.006,0.38,NA,NA,NA,NA,18526,67002,NA,NA,10077,821397,1010843,NA,80,0.38,520168,49,5.8
"YORK","SMAN LAKE","SULLIVAN","3636","NATURAL",38.85,1.34,NA,0.8,NA,16,72,1.7,0.042,0.014,0.125,NA,363,NA,5,1025,NA,1088,NA,109,28617,NA,NA,35,1.04,22698,24,22.2
"YORK","SHINGING BRIDGE RES","SULLIVAN","3637","IMPOUNDMENT",382.54,3.47,13.4,5.9,NA,10,75,1.3,0.057,0.02,0.52,NA,NA,NA,27,4803,24540,NA,NA,1066,NA,NA,10181,59,7.07,NA,20,100.7
"YORK","CONESUS LAKE","LIVINGSTON","3639","NATURAL",180.52,12.89,8.9,2.2,1.7,116,340,3.2,0.02,0.013,0.1,NA,NA,NA,336,NA,NA,NA,NA,12630,120789,133419,2109,57,0.38,73741,45,10.4
"CONNECTICUT","HANOVER POND","NEH HAVEN","905","IMPOUNDMENT",246.31,0.26,1.4,4.8,0.8,59,265,1,0.298,0.189,1.575,NA,NA,NA,NA,26875,56549,NA,NA,NA,NA,NA,56440,0,218.33,380676,NA,1363.1
"YORK","LOMER ST REGIS","FRANKLIN","3640","NATURAL",54.91,1.87,5.1,1,110,10,50,1.2,0.017,0.008,0.21,NA,95,NA,9,658,762,3401,NA,317,30104,33823,680,11,0.41,26558,21,16.1
"ISLAND",NA,"PROVIDENCE","4402","'",NA,232032,0.84,NA,4.4,10,91,1.3,0.032,0.011,0.205,NA,757,NA,18,NA,4698,1510,NA,639,88277,NA,NA,170,5061,88862,2,107.9
"ISLAND","TURNER RESERVOIR","PROVIDENCE","4403","IMPOUNDMENT",138.56,0.49,1.5,2.6,3.3,27,260,0.8,0.85,0.635,2.3,NA,30132,45370,NA,5011,80512,NA,37415,NA,86199,222109,53451,34,163.07,214589,30,NA
"VERMONT","LAKE CHAMPLAIN","VT. AND NY AREA","5001","NATURAL",21186.19,1130.3,19.4,313,2.6,46,142,2.3,0.018,0.01,0.19,0.125,NA,NA,NA,NA,NA,NA,NA,NA,NA,NA,NA,0.48,0.51,NA,0.25,11.61
"VERMONT","CLYDE POND","ORLEANS","5002","IMPOUNDMENT",362.6,0.57,3.4,6,3.6,54,145,1.7,0.021,0.006,0.175,NA,875,NA,14,3823,4712,NA,NA,853,NA,160834,174549,NA,283.9,NA,NA,NA
"VERMONT","HARRIMAN RESERVOIR","HINDHAM","5005","IMPOUNDMENT",486.4,8.84,10.4,13.6,78,NA,50,2,0.009,0.007,0.27,NA,2041,NA,259,5492,7791,NA,NA,NA,NA,374816,6444,17,0.88,311474,17,42.4
"VERMONT","LAKE LAMOILLE","LAMOILLE","5007","IMPDUNDMENT",NA,0.62,1.7,12.4,1,46,140,1.5,0.016,0.01,0.26,NA,4553,NA,NA,11052,15605,14789,NA,NA,304263,NA,12422,20,25.2,302526,5,515.3
"VERMONT","LAKE MEMPMREMAGOG","ORLEANS","5008","NATURAL",NA,NA,15.5,27.3,NA,56,160,2,0.021,0.008,0.195,NA,NA,NA,172,27551,47719,55800,NA,6395,NA,1054539,27515,42,0.5,NA,NA,NA
"VERMONT","ARROMHEAD MOUNTAIN LAKE","CHITTENDEN. FRANKLIN","5010","IMPOUNDMENT",1815.59,3.34,3.1,34.4,3.5,36,108,1.6,0.015,0.009,0.23,NA,7415,3800,5,26408,37628,NA,5320,172,1063485,NA,27433,27,11.26,1123737,NA,327.3
"VERMONT","HATERBURY RESERVOIR","HASHINGTON) LAMOILLE","5011","IMPOUNDMENT",NA,3.6,12.7,6.4,83,14,70,2.4,0.007,0.004,0.23,NA,NA,NA,NA,NA,4325,5116,NA,NA,168018,173134,3678,24,1.34,156073,10,48.1
"CONNECTICUT","LAKE ZOAR","LITCHFIELD. NEH HAVEN","910","IMPOUNDMENT",NA,3.95,7.5,70.2,5,72,220,1.9,0.043,0.029,0.56,NA,10154,NA,NA,144617,154771,14231,NA,NA,2747388,2761619,116562,25,NA,2556381,7,NA
"NISCONSIN","ALTOONA LAKE","EAU CLAIRE","5502","NATURAL",2108.26,3.4,2.1,16.1,5,26,82,0.7,0.092,0.04,0.46,NA,NA,NA,36,66667,67655,3578,NA,1279,732671,737528,73066,NA,NA,NA,NA,217
"MISCONSIN","BEAVER DAH","BARRON","5503","NATURAL",NA,4.5,9.8,NA,NA,NA,100,0.9,0.301,0.163,0.13,NA,NA,NA,NA,NA,NA,NA,NA,NA,NA,NA,NA,NA,NA,NA,NA,NA
"NISCONSIN","LAKE 8UTTE DES MORTS","MINNEDAGO","5508","NATURAL",14452.2,35.84,1.8,117,6,NA,270,0.6,0.076,0.027,0.24,NA,4476,NA,209,NA,NA,13433,NA,7887,6474034,NA,NA,NA,NA,6532490,NA,181.2
"NISCONSIN","BUTTERNUT LAKE","PRICE. ASHLAND","5509","NATURAL",118.62,4.07,4.3,1.4,146,26,95,1,0.073,0.055,0.3,NA,893,NA,73,1637,2603,2548,NA,2667,50454,NA,2512,3,0.64,53478,4,13.7
"HISCONSIN","BUTTERNUT LAKE IEUTROPHICI","PRICE. ASHLAND","5509","NATURAL",118.62,4.07,4.3,1.4,146,26,95,1,0.073,0.055,0.3,NA,893,NA,73,1637,2603,2848,NA,2667,50454,NA,2512,3,0.64,53478,4,13.7
"RISCONSIN","CASTLE ROCK FLOHAGE","JUNEAU. ADAMS","5510","IMPOUNOMENT",NA,67.34,3.2,NA,13,32,143,0.8,0.062,0.039,0.41,NA,NA,NA,NA,NA,NA,NA,NA,NA,NA,NA,NA,NA,NA,NA,NA,NA
"MISCONSIN","OELAVAN LAKE","NALMORTM . .","5513",".",NA,NA,NA,105.15,7.18,165,470,1.3,0.141,0.126,NA,0.287,6063,NA,172,NA,1773,18209,NA,6395,35556,60159,3587,55,1.12,56594,6,8.4
"HISCONSIN",NA,"EAU CLAIRE .","5515","IMPOUNDMENT",1541.05,4.52,2.3,12.3,10,26,83,0.8,0.089,0.038,0.5,NA,5274,NA,32,35578,40884,NA,NA,1102,524199,542240,41760,NA,NA,511890,6,119.8
"WISCONSIN","'","GREEN LAKE ' ' '","5519","NATURAL",303.03,NA,31.7,1.4,21,178,NA,390,5.8,0.028,0.023,0.2,3351,NA,209,3864,7424,NA,NA,7600,NA,170712,4041,46,0.25,47782,72,5.7
"NISCONSIN","NEGONSA LAKE IEUTROPHIC)","DANE","5520","NATURAL",NA,10.99,5.2,4.9,136,173,390,1.1,0.115,0.076,0.255,NA,544,NA,122,NA,20376,1633,NA,4494,NA,307034,NA,3,1.85,211166,31,27.9
"CONNECTICUT","LAKE LILLINONAH","FAIRFIELD","911","IMPOUNOMENT",3605.28,7.69,11.9,62.7,17,80,240,3.7,0.054,0.048,0.66,NA,NA,NA,NA,NA,223559,NA,NA,NA,2786162,3001118,133406,40,NA,2512589,16,NA
"NISCONSIN","KOSHKONONG LAKE","JEFFERSON","5522","IMPOUNDMENT",6475,42.41,1.6,33.8,24,244,585,0.5,361,215,7190,NA,NA,NA,113,351428,418485,167501,NA,4308,2884006,NA,330517,21,NA,NA,8,72.1
"NISCONSIN","NAGANICKA LAKE","HAUKESHA","5531","NATURAL",115.51,4.15,9.9,0.8,1.5,2210,5210,19.3,0.124,0.113,0.58,NA,3134,NA,168,2213,5515,NA,NA,6100,84617,100113,2381,57,1.33,42581,57,24.1
"MISCONSIN","OCONOMOMOC","MAUMESHA","5532","NATURAL",NA,3.13,9.6,1.7,209,193,450,2.9,0.012,0.007,0.25,NA,NA,NA,NA,NA,NA,NA,NA,NA,NA,NA,NA,NA,NA,NA,NA,NA
"WISCONSIN",NA,NA,"5534","IMPOUNDMENT",NA,NA,6,NA,47,30,143,0.7,0.064,0.051,0.41,NA,NA,NA,NA,NA,NA,NA,NA,NA,NA,NA,NA,NA,NA,NA,NA,NA
"wISCONSlN","PINE LAKE","WAUKESHA","603/AB","NATURAL",NA,2.35,11.3,NA,NA,144,305,1.6,0.028,0.014,0.06,NA,NA,NA,NA,NA,NA,NA,NA,NA,NA,NA,NA,NA,NA,NA,NA,NA
"MISCONSIN","LAKE PDYGAN","HINNE8AGO. VAUSMARA .","5538","NATURAL",10101,44.48,2.1,84.2,13,137,303,0.5,0.074,0.026,0.28,NA,NA,NA,77,244830,246880,7438,NA,2875,4180737,NA,NA,3,5.55,4203310,NA,NA
"MISCONSIN","SHAHANO LAKE","SHAMANO","5539","NATURAL",NA,24.91,3.2,1.7,1.5,104,223,2.1,0.02,0.003,0.13,NA,NA,NA,113,1696,1810,NA,NA,4263,75465,NA,1333,23,0.07,NA,26,3.2
"NISCONSIN",NA,"DODGE","5541","IMPOUNDMENT",NA,NA,1.4,4.6,33,246,560,0.2,0.404,0.188,0.3,NA,6494,NA,59,52580,NA,NA,NA,2132,NA,577515,58449,NA,6.35,NA,NA,62
"MISCONSIN","SMAN LAKE","COLUMBIA","5545","NATURAL",175.08,1.64,9.7,1,178,188,405,2,0.141,0.134,0.85,NA,1710,NA,18,2839,4567,NA,NA,639,NA,64853,5397,NA,2.78,57478,11,39.5
"MISCONSIN","TAINTER LAKE","DUNN","5546","NATURAL",4351.2,6.85,4.1,32,10,73,175,1.4,0.111,0.001,0.64,NA,1102,NA,59,137641,NA,3311,NA,2204,1577635,1563149,121655,12,20.3,1573650,1,231.2
"CONNECTICUT","LAKE MOUSATONIC","NEMHAVEN. FAIR FIELD","912","IMPOUNOMENT",4076.66,1.33,2.9,71.8,0.6,84,240,1.9,0.039,0.029,0.57,NA,NA,NA,NA,118236,118236,NA,NA,NA,2607147,2607147,NA,16,NA,NA,6,NA
"WISCONSIN","TOUNLINE LAKE","ONEIDA","5548","NATURAL",12.17,0.61,3.8,0.1,253,27,97,0.8,0.078,0.042,0.305,NA,NA,454,NA,27,367,1361,NA,NA,3361,5714,404,52,1.4,5188,9,9.4
"HISCONSIN","HAPOGASSET LAKE","POLK","5550","NATURAL",256.67,4.8,5.3,1.5,NA,92,195,1.8,0.043,0.015,0.205,NA,735,NA,77,2603,3415,2204,NA,2844,48145,53193,NA,43,0.71,NA,0,11.1
"WISCONSIN",NA,"MARATHON","5551","IMPOUNDMENT",10360,7.76,2.2,100.4,2,21,88,0.7,0.059,0.033,0.385,NA,52526,NA,36,167896,220458,NA,NA,1302,3270742,3566619,360168,NA,28.4,NA,NA,459.5
"WISCONSIN","LAKE NINNEBAGO","HINNEBAGO. FOND DU LAC, CALUMET","5554","NATURAL",15617.69,557.3,4,122.3,210,134,303,0.6,0.116,0.074,0.27,NA,108399,NA,376,412748,521524,632381,NA,5655,7732369,8370405,543497,NA,0.94,NA,17,15
"MISCONSIN","MISCONSON LAKE IEUTROPHIC)","COLUMBIA. SAUK _","5555","IMPOUNDMENT",23180.49,36.02,1.8,207.1,4,49,155,0.8,0.058,0.037,0.38,NA,20621,NA,190,527057,547868,NA,NA,7161,NA,NA,NA,5,15.21,NA,NA,251.6
"WISCONSIN","LAKE iISSOTA","CHIPPEUA","642/AB","IMPOUNDMENT",14374.49,21.97,8.8,133.1,17,29,85,1,0.043,0.028,0.24,NA,3460,NA,204,NA,NA,10050,NA,7619,5588065,5605733,NA,15,8.86,4106444,27,255.1
"MISCONSIN","PEHAUKEE LAKE","HAUKESHA","5557","IMPOUNDMENT",NA,10.09,4.5,NA,4.2,166,440,1.7,0.026,0.015,0.11,NA,NA,NA,NA,NA,NA,NA,NA,NA,NA,NA,NA,NA,NA,NA,NA,NA
"WISCONSIN","OKAUCHEE","MAUKESMA ‘","5558","NATURAL",217.04,4.47,9,1.6,300,196,450,1.9,0.016,0.008,0.32,NA,NA,NA,NA,NA,NA,NA,NA,NA,NA,NA,NA,NA,NA,NA,NA,NA
"MISCONSIN","TICHIGAN LAKE","RACINE","5559","NATURAL",NA,4.59,1.9,5.4,19,195,575,0.9,0.269,0.207,0.815,NA,78635,NA,159,15243,NA,155048,NA,NA,257311,418290,54735,42,20.51,NA,9,NA
"RISCONSIN","BRONNS LAKE","RACINE","5500","NATURAL",NA,1.6,NA,NA,NA,131,418,2,0.022,0,0.13,NA,NA,NA,NA,NA,NA,NA,NA,NA,NA,NA,NA,NA,NA,NA,NA,NA
"MAINE","ESTES LAKE","YORK","2304","IMPOUNDMENT",271.95,1.57,3,5,11,13,75,1,0.094,0.057,0.23,NA,11234,NA,14,3364,NA,45193,NA,431,127129,172303,14254,6,NA,NA,NA,110.3
"WISCONSIN",NA,"WALHORTM","5561","NATURAL",NA,21.3,18.6,NA,29,181,400,3.2,0.015,0.006,0.08,NA,NA,NA,NA,NA,NA,NA,NA,NA,NA,NA,NA,NA,NA,NA,NA,NA
"NISCONSIN",NA,"HALUORTH","5562","NATURAL",23.57,3.83,1.3,NA,1.1,156,375,0.5,0.048,0.012,0.48,NA,NA,NA,NA,NA,NA,NA,NA,NA,NA,NA,NA,NA,NA,NA,NA,NA
"WISCONSIN","LAC LA EELLE","HAUKESHA","5563","NATURAL",266.77,4.52,3.5,2,NA,177,410,1.6,0.013,0.007,0.24,NA,NA,NA,NA,NA,NA,NA,NA,NA,NA,NA,NA,NA,NA,NA,NA,NA
"HISCONSIN","ROCK LAKE","JEFFERSON","5564","NATURAL",36.52,4.7,5.6,0.2,3.6,NA,380,2.3,0.013,0.007,0.19,NA,NA,NA,NA,222,NA,NA,NA,NA,NA,12204,NA,163,27,8376,31,2.6
"WISCONSIN","BIG EAU PLEINE RES","MARATHON","5565","IMPOUNDMENT",NA,27.64,4.8,9.7,158,23,95,0.8,0.071,0.03,0.57,NA,NA,NA,27,40136,41116,4349,NA,1066,NA,605365,31329,24,1.49,NA,NA,21.9
"MISCONSIN","ROUND","HAUPACA","5566","NATURAL",NA,0.32,9.3,NA,NA,149,323,3.4,0.011,0.006,0.89,NA,NA,NA,NA,NA,NA,NA,NA,NA,NA,NA,NA,NA,NA,NA,NA,NA
"WISCONSIN","ROME POND",NA,"592/AB","NATURAL",310.8,1.8,0.6,2.2,6,222,448,0.9,0.102,0.082,0.145,NA,503,NA,NA,5560,6068,1533,NA,NA,140381,NA,7247,NA,3.36,133646,6,78.6
"MISCONSIN","MIDDLE LAKE","HALMORTH","5569","NATURAL",NA,1.05,3.2,NA,NA,197,415,3.6,0.011,0.008,0.48,NA,NA,NA,NA,NA,NA,NA,NA,NA,NA,NA,NA,NA,NA,NA,NA,NA
"HISCONSIN","GRAND LAKE","GREEN LAKE","5570","NATURAL",253.3,0.95,1.2,1.2,11,265,510,0.6,0.19,0.15,0.67,NA,1651,NA,14,6454,8118,8000,NA,535,158608,167143,6839,16,8.57,168435,NA,176.5
"WISCONSIN","CRYSTAL LAKE",NA,"5571","IMPOUNDMENT",NA,0.36,3.2,NA,NA,10,50,8,0.007,0.005,0.07,NA,NA,NA,NA,NA,NA,NA,NA,NA,NA,NA,NA,NA,NA,NA,NA,NA
"MAINE","LONG LAKE IMESOTROPHIC)","CUMBERLAND","2306","NATURAL",NA,NA,10.4,5.5,1.2,10,50,3.4,0.008,0.006,0.08,NA,NA,NA,299,2058,2757,NA,NA,11256,83578,NA,1388,50,NA,78757,17,4.8
"WISCONSIN","TROUT LAKE","VILAS","5572","NATURAL",NA,15.66,11.5,NA,NA,37,93,4.1,0.009,0.005,0.09,NA,NA,NA,NA,NA,NA,NA,NA,NA,NA,NA,NA,NA,NA,NA,NA,NA
"VISCONSIN","MILLOV RESERVOIR","ONEIDA","5574","IMPOUNDMENT",846.93,20.78,4.6,9.2,119,28,71,1.1,0.029,0.019,0.155,NA,NA,NA,23,NA,NA,NA,NA,NA,NA,210082,8717,10,0.47,233565,NA,10.1
"MISCONSIN","YELLOM LAKE","BURNETT","5576","NATURAL",NA,NA,5.8,NA,154,31,175,1.5,0.065,0.033,0.14,NA,NA,NA,NA,NA,NA,NA,NA,NA,NA,NA,NA,NA,NA,NA,NA,NA
"MAINE","MATTAHAMKEAG LAKE","AROOSTOOK","2308","NATURAL",813.26,13.48,3.7,13.7,42,16,65,1.6,0.011,0.007,0.12,NA,NA,NA,NA,3683,NA,54698,NA,NA,NA,304413,5619,29,0.59,NA,230839,24
"MAINE",NA,NA,"656/AB","NATURAL",NA,303.08,16.5,52.9,3,NA,50,NA,NA,5,3,180,NA,NA,NA,1360,24476,NA,NA,NA,5134,1217029,133420,46,3,NA,25,400
"MAINE","RANGELEY LAKE","FRANKLIN","2310","NATURAL",256.41,24.28,14.3,3.9,2,10,50,3.3,0.007,0.005,0.11,NA,331,NA,145,1692,NA,1043,NA,5370,NA,NA,1102,49,NA,52334,45,4
"MAINE","SEBAGO LAKE 10LIGOTROPHIC1","CUMBERLAND","2311","NATURAL",1142.19,116.43,30.8,20.9,5.4,10,50,5.1,0.004,0.003,0.155,44.444,NA,NA,517,744,NA,NA,NA,NA,528403,547055,NA,57,0.08,402168,12,4.7
"MAINE","SEBASTICOOK LAKE","PENOBSCOT","2312","NATURAL",326.34,17.35,5.8,6,200,30,140,1.1,0.05,0.024,NA,0.11,8263,NA,86,3460,11810,NA,NA,3197,NA,NA,8358,29,0.68,NA,69,16.9
"MAINE","LONG LAKE","AROOSTOOK","2313","NATURAL",234.14,24.28,13.4,3.2,3.2,26,83,2.6,0.01,0.006,0.2,NA,290,NA,209,2494,NA,875,NA,7832,170036,178744,1311,56,0.12,70358,61,7.4
"MAINE","BAY OF NAPLES","CUMBERLAND","2314","NATURAL",300.21,3,4.3,5,26,10,50,3.2,0.005,0.003,0.07,NA,NA,NA,41,1533,1570,NA,NA,1565,NA,NA,1279,19,0.51,121710,NA,29.2
"MASSACHUSETTS","MAGER POND","MIDDLESEX","2502","NATURAL",4.4,0.1,1.5,0.1,24,NA,25,419,0.4,1.525,0.482,7.355,NA,NA,NA,113,13098,54485,NA,NA,3565,58050,3510,73,NA,NA,54,573.8
"MASSACHUSETTS",NA,NA,NA,"IMPOUNDMENT",85.73,0.36,2.4,1.6,6.2,NA,110,0.8,0.052,0.023,0.41,NA,2444,503,NA,NA,3859,NA,1202,NA,30644,43810,25220,35,10.84,423760,3,123
"MASSACHUSETTS","MAYNARD IMPOUNDMENT","MIDDLESEX","2504","IMPOUNDMENT",NA,0.32,1.2,4.9,1,24,190,1.3,0.417,0.356,0.66,NA,NA,NA,NA,2585,32023,86204,NA,NA,216308,302512,34354,NA,NA,330463,NA,NA
"MASSACHUSETTS","MOODS POND","BERKSHIRE","2507","IMPOUNOMENT",445.48,0.49,1.2,8.8,1,110,295,1.1,0.363,0.282,1.41,NA,62186,61224,NA,8379,131789,286635,NA,NA,NA,680127,100571,24,266.93,NA,NA,1377.5
"MASSACHUSETTS","MATFIELD IMPOUNDMENT","'PLYMOUTH","2508","IMPOUNDMENT",356.9,0.15,0.9,6.8,0.3,10,180,0.4,0.535,0.383,2.64,NA,61342,NA,NA,44404,125746,NA,354426,NA,NA,NA,82259,35,817.68,875880,NA,5530.3
"MASSACHUSETTS","ROCHDALE POND","HORCHESTER","2509","IMPOUNOMENT",48.95,0.17,1.8,0.8,4.5,10,153,1.1,0.063,0.027,0.15,NA,113,NA,NA,1143,1256,635,NA,NA,30281,NA,1569,NA,7.57,25374,18,186.3
"MASSACHUSETTS","BILLERICA IMPOUNDMENT","MIDDLESEx","2511","IMPOUNDMENT",714.84,0.1,2.1,15.3,0.2,23,205,1,0.181,0.128,0.395,NA,43787,NA,NA,28626,72413,136844,NA,NA,827084,NA,71107,2,715.73,NA,NA,NA
"MASSACHUSETTS","NAME","MORCMESTER","2512","IMPOUNDMENT",NA,0.06,1.2,1.5,0.5,10,20,1.1,0.275,0.212,0.6,NA,20118,NA,NA,4272,24390,42254,NA,NA,72050,114306,24313,0,401.78,123098,NA,1883
"MASSACHUSETTS","HUDSON IMPOUNDMENT IEUTROPHIC)","MIDDLESEA. NORCHESTER","2513","IMPOUNDMENT",188.29,0.12,1.2,3.1,0.5,20,220,1.4,0.476,0.416,1.31,NA,25134,NA,NA,5039,30172,54880,NA,NA,NA,NA,23583,NA,22,NA,NA,NA
"MICHIGAN",NA,NA,"909/AB","IMPOUNDMENT",1362.34,3.86,NA,7.1,NA,220,575,1.5,0.057,0.032,0.53,NA,7642,NA,23,17478,25143,27542,NA,798,452576,NA,16132,36,6.51,NA,NA,124.6
"MICHIGAN",NA,"TUSCOLA","26A]","IMPOUNDMENT",NA,0.81,NA,8.9,NA,238,650,0.7,0.108,0.029,1.6,NA,8095,NA,NA,NA,27215,20662,NA,NA,NA,NA,33129,NA,NA,NA,NA,1144.9
"MICHIGAN","BOARDMAN HYDRO POND","GRAND TRAVERSE","26A2","IMPOUNDHENT",NA,0.31,7.6,NA,NA,153,308,3.5,0.003,0.004,0.23,NA,NA,NA,NA,NA,NA,NA,NA,NA,NA,NA,NA,NA,NA,NA,NA,NA
"MICHIGAN","LAKE ALLEGAN","ALLEGAN","2603","IMPOUNDMENT",NA,6.42,3.4,35.7,7,223,600,NA,NA,0.061,NA,NA,NA,NA,NA,154522,201510,756671,NA,NA,NA,2588655,154177,23,NA,3120462,NA,403.3
"MICHIGAN","BARTON LAKE","KALAMAzoo","2606","NATURAL",NA,1.4,6.1,1.2,81,169,400,1.1,0.061,0.031,0.985,NA,NA,NA,36,NA,3011,NA,NA,1293,NA,47864,NA,NA,2.14,NA,NA,34.1
"MICHIGAN","BELLEVILLE LAKE","MAYNE","2609","IMPOUNDMENT",2157.47,5.14,6.1,14.4,25,172,NA,0.9,0.122,0.06,1.11,NA,NA,75846,NA,100,NA,485760,NA,3633,630775,1120167,60807,25,15.75,1236322,NA,217.9
"MICHIGAN","BETSIE LAKE","COUNTY","2610","NATURAL",634.55,1.01,NA,9.9,NA,145,304,1,0.026,0.009,0.175,NA,NA,NA,NA,NA,12531,NA,NA,NA,NA,NA,10685,15,12.39,NA,NA,16
"MICHIGAN",NA,NA,"899/AB","NATURAL",61.12,2.43,NA,0.4,NA,188,520,1.1,0.62,0.22,0.48,NA,580,NA,27,367,NA,8431,NA,NA,14707,24100,1542,NA,0.4,15826,34,-9.9
"MICHIGAN",NA,NA,NA,"NATURAL",854.7,NA,16.8,11.5,3.2,130,285,3.8,0.006,0.004,0.21,NA,1211,NA,231,7138,85800,8077,NA,8667,642081,658825,3138,63,NA,344363,48,9.4
"MICHIGAN","LAAE CHEMUNG","LIVINGSTON","2618","NATURAL",13.99,1.25,3.5,0.1,4.2,137,410,2.4,0.032,0.013,0.14,NA,NA,NA,141,132,272,NA,NA,5224,6508,11732,100,63,0.22,3610,69,9.4
"MICHIGAN","CONSTANTINE RESERVOIR","ST. JOSEPH","2621","IMPOUNDMENT",NA,-2.25,NA,NA,NA,193,500,1.1,0.048,0.02,0.41,NA,NA,NA,NA,NA,NA,NA,NA,NA,NA,NA,NA,NA,NA,NA,NA,NA
"MICHIGAN","DEER LAKE","MAROUETTE","2624","NATURAL",NA,3.63,NA,1.1,NA,NA,220,1.5,0.244,0.212,0.12,NA,7233,NA,NA,1320,3553,31333,NA,NA,56600,NA,7819,9,2.36,66635,24,24.2
"MICHIGAN","FORD LAKE","MASHTENAM","2629","IMPOUNDMENT",2108.26,4.25,4.4,14.1,15,187,538,1.1,0.111,0.063,1.16,NA,63474,NA,NA,5211,68685,436209,NA,NA,681184,1117392,55683,19,16.16,NA,12,263
"MICMIGAN","FREMONT LAKE","NERAYGO","2631","NATURAL",52.5,3.2,10.1,0.5,1.9,162,400,1.5,0.37,0.344,1.46,NA,4023,NA,27,5447,NA,11230,NA,1066,40209,52512,5020,47,2.97,30154,27,16.4
"MICHIGAN","JORDAN LAKE","IONIAo HARRY","2640","NATURAL",66.82,1.74,7.3,0.5,304,162,425,1.8,0.171,0.138,1.96,NA,272,NA,27,1692,NA,4308,NA,1066,45574,NA,1660,17,NA,40082,21,29.3
"MICHIGAN","KENT LAKE","OAKLAND. LIVINGSTON","2643","NATURAL",383.32,4.05,2,2.8,33,184,520,1.1,0.043,0.18,0.355,NA,3460,NA,NA,NA,6422,NA,NA,NA,NA,NA,NA,23,1.59,NA,NA,22.5
"MICHIGAN",NA,NA,"S48/AB","NATURAL",463.61,NA,7.2,3.7,3.9,132,480,0.6,0.159,0.068,1.28,NA,25098,NA,86,20522,45705,82417,NA,3197,372131,457746,12472,73,6.34,NA,42,63.5
"MICHIGAN",NA,"MANISTEE","2649","NATURAL",NA,3.76,NA,62.4,NA,151,580,1.2,0.024,0.012,0.2,NA,NA,NA,385,NA,NA,26472,NA,14494,1140247,1181212,NA,16,13.63,1464870,NA,314.2
"MICHIGAN","MUSKEGON LAKE IEUTROPHIC)","MUSKEGON","2659","NATURAL",6822.05,16.79,7,60.7,23,131,340,NA,1.6,0.065,0.048,0.34,40562,NA,45,74544,115152,121673,NA,1646,1738363,1861682,113692,1,6.86,1788122,4,110.8
"MICHIGAN","PENTMATER LAKE","OCEANA","2665","NATURAL",456.43,1.76,NA,6.5,NA,143,330,1.8,0.027,0.013,0.46,NA,2095,NA,27,6626,6746,NA,NA,NA,NA,NA,7737,12,4.97,200676,37,131.3
"MICHIGAN","PORTAGE LAKE","NOUGHTON","2669","NATURAL",2566.69,44.39,NA,31.9,NA,44,128,2.3,0.013,0,0.16,NA,11460,NA,141,30789,42390,28034,NA,5274,1001456,1035565,16086,62,0.95,812277,22,NA
"MICHIGAN","ROGERS POND","MECOSTA","2672","IMPOUNOMENT",NA,2.07,6636.6,39.5,333.33,151,353,1.7,0.031,0.013,0.12,36.666,3549,NA,50,40363,NA,52753,NA,1314,NA,1273339,45602,14,25.61,NA,3,616
"MICHIGAN","ROSS RESERVOIR","GLAOVIN","2673","IMPOUNDMENT",1261.33,1.19,1.5,10.1,2,199,510,0.9,0.035,0.02,0.22,NA,3179,NA,NA,17070,20249,11610,NA,NA,NA,435510,17333,14,NA,401347,NA,366
"MICHIGAN","SANFORD LAKE","MIDLAND","2674","IMPOUNDMENT",NA,5.06,3,18.6,9,143,420,1,0.018,0.01,0.16,NA,NA,NA,36,NA,NA,NA,NA,1279,713660,NA,20639,NA,3.92,711583,0,141.3
"MICMIGAN","TMORNAPPLE LAKE","BARRY","2633","NATURAL",NA,1.66,4.3,7.4,11,250,533,1.4,0.045,0.023,0.475,NA,NA,NA,27,14253,15233,3270,NA,1066,420316,425152,12063,21,NA,375660,12,256.9
"MICHIGAN","UNION LAKE","BRANCH","177/AB","NATURAL",1383.06,2.12,0.9,10.7,2,202,500,1.1,0.047,0.022,0.44,NA,NA,NA,18,17696,NA,NA,NA,649,644290,650857,17642,10,NA,643692,1,306.3
"MICHIGAN","MONA LAKE","MUSKEGON","212/AB","'",NA,212.64,2.81,4,1.7,114,440,1.2,0.369,0.321,0.92,NA,13079,NA,41,NA,27084,NA,NA,1596,NA,228739,177,99,NA,6875,97,81.3
"MICHIGAN","LONG LAKE","ST JOSEPH","2692","NATURAL",NA,0.35,5.2,1.6,31,136,460,2.1,0.133,0.117,0.51,NA,NA,NA,27,NA,NA,3503,NA,1066,64576,74145,3573,9,4.62,NA,NA,36.3
"MICHIGAN","ST LOUIS RESERVOIR","GRATIOT '","2693","IMPOUNDMENT",805.49,0.64,NA,5.9,NA,NA,NA,0.9,0.286,0.88,1.31,NA,51052,NA,NA,20163,71215,65710,NA,NA,478740,544450,22336,69,111.38,544450,0,851.5
"MICHIGAN","CRYSTAL LAKE",NA,"ZJI/AB","NATURAL",14.5,2.93,4.2,0.1,3.3,127,325,3,0.009,0.007,0.17,NA,NA,NA,32,172,NA,NA,NA,1129,7515,8644,NA,730,7,NA,43,3
"MICHIGAN","HIGGINS LAKE","ROSCOMMON","2695","NATURAL",127.43,38.85,14.9,1.2,15.6,109,230,5.9,0.006,0.004,0.07,NA,NA,NA,290,739,1029,NA,NA,NA,45800,56744,308,70,0.03,26363,54,1.5
"MICHIGAN","HOUGHTON LAKE","ROSCOMMON","2898","NATURAL",574.98,81012,2.3,NA,1.3,83,210,2,0.018,0.008,0.17,NA,1034,NA,508,3274,4818,38875,NA,NA,NA,255229,2331,52,0.08,NA,82,3.1
"MICHIGAN",NA,"LIVINGSTON","2697","NATURAL",30.82,1.06,2.7,0.2,152,170,480,2.3,0.041,0.025,0.44,NA,NA,NA,NA,376,NA,NA,NA,2023,11574,13596,526,NA,0.41,NA,31,12.3
"MICHIGAN","PERE MARQUETTE","MASON","2698","NATURAL",2007.25,2.24,NA,19.2,NA,143,430,1.3,0.03,0.019,0.27,NA,12630,NA,NA,22449,35079,50503,NA,NA,523878,574381,32263,8,NA,NA,NA,256.2
"MICHIGAN","STRAWBERRY LAKE","LIVINGSTONE","2699","NATURAL",NA,1.04,6.7,6.2,13,188,488,2,0.068,0.049,0.53,NA,1524,NA,59,NA,NA,13379,NA,2260,218245,233864,7447,22,NA,NA,13,224.9
"IN.MINNESOTA","LAKE MINONA IEUTROPMICI","DOUGLAS","27A1","NATURAL",7.51,0.7,1.3,0,1.5,139,343,0.5,0.107,0.022,0.24,NA,1247,NA,9,27,1203,4014,NA,372,1203,5669,54,96,1.65,16,6,7.3
"MINNESOTA","WOLF LAKE","BELTRAMI. HUBBARD '","27A2","NATURAL",1771.56,4.25,8.5,11.5,37,145,280,1.2,0.05,0.023,0.15,NA,13483,NA,36,13832,27351,47624,NA,1270,207741,256635,NA,12,6.43,332599,NA,60.3
"MINNESOTA","MOODCOCM LAKE","KANDIYOHI","27A3","NATURAL",NA,0.51,0.8,NA,NA,230,470,0.4,1,0.07,0.55,NA,NA,NA,NA,NA,NA,NA,NA,NA,NA,NA,NA,NA,NA,NA,NA,NA
"MINNESOTA","LAKE PEPIN","GOODHUE. RABASHA9(MN)1 PIERCE, PEPINo (RI)","27A4","IMPOUNDMENT",NA,101.17,5.1,659.5,9,151,438,0.8,0.185,0.14,1.09,NA,NA,3678,NA,2182213,3478770,NA,5152,NA,NA,47425840,3085138,11,34.38,50511360,NA,468.8
"MINNESOTA","ZUMBRU LAKE","OLMSTED.RA8ASMA","27A5","IMPOUNDMENT",2206.68,2.47,5.5,8.6,18,203,570,1.5,0.401,0.33,2.515,NA,170027,NA,63,35583,205673,NA,234218,NA,2404,1167381,114748,44,NA,1327709,5,567.9
"MINNESOTA","SPRING LAKE IEUTROPHICI","DAKOTA. MASHINGTON","27A6","IMPOUNDMENT",NA,23.92,2.4,207.1,2.5,179,490,0.5,0.24,0.156,1.41,NA,1265514,NA,NA,NA,2562606,NA,NA,NA,26355072,30604000,NA,3,107.14,NA,NA,1279.6
"MINNESOTA","LANE ST CROIX",NA,"2747","IMPOUNDMENT",NA,33.22,8.8,144.2,23,71,143,1.1,0.055,0.036,0.35,4.4444,34227,NA,263,260857,NA,120172,NA,NA,NA,NA,NA,33,8.89,5623392,1,171.4
"MINNESOTA",NA,"MARTIN",NA,"NATURAL",NA,0.9,3.5,0.3,125,141,430,0.8,0.192,0.153,0.645,NA,NA,NA,23,1506,1528,NA,NA,NA,821,35646,1392,9,1.7,305620,160,4006
"MINNESOTA","FOREST LAKE","MASMINGTON","27A9","NATURAL",47.14,NA,3.4,0.2,5.7,125,270,1.9,0.021,0.01,0.14,NA,NA,NA,63,NA,1016,NA,NA,2449,25778,23227,NA,NA,0.11,NA,120,NA
"MINNESOTA","MMITE BEAR LAKE","RAMSEY. RASMINGTON","2730","NATURAL",NA,10.76,6.9,NA,NA,NA,255,3.5,0.014,0.008,0.1,NA,NA,NA,NA,NA,NA,NA,NA,NA,NA,NA,NA,NA,NA,NA,NA,NA
"MINNESOTA","WAGDNGA LAKE","KANDIYOHI","507/AB","NATURAL",66.04,6.54,1.3,0.2,1.4,220,800,0.3,1,0.71,0.48,NA,NA,NA,NA,NA,26145,87642,NA,NA,17193,104834,11197,57,4,34839,67,16
"MINNESOTA","GREEN LAKE","KANDIYOHI","2782","NATURAL",357.42,21.88,6.4,1.2,3.7,173,340,2.8,0.015,0.009,0.14,NA,844,NA,195,NA,2036,4390,NA,7320,73574,85283,662,67,0.09,NA,54,3.9
"MINNESOTA","NEST LANE","KANDIYOMI","2783","NAIUKAL",NA,318057,3082,NA,101,NA,348,1.4,0.04,0.022,0.1,NA,1751,NA,NA,1283,3034,4730,NA,NA,58041,62771,1329,56,0.79,52821,16,15.4
"MINNESOTA",NA,"DOUGLAS","576/AB","NATURAL",453.25,3.86,6.2,0.9,318,202,NA,2.6,0.017,0.009,0.19,NA,NA,NA,NA,730,730,NA,NA,NA,35233,35288,526,28,0.19,NA,7,9.1
"MINNESOTA","LAKE LE HOMME DIEO","DOUGLAS","2765","NATURAL",NA,7.06,6.6,0.2,7.9,NA,305,2.3,0.019,0.01,0.175,NA,360,NA,106,336,760,NA,NA,NA,16077,21297,NA,78,0,6100,62,3
"MINNESOTA","LAKE CALHOUN","HENNEPIN","2786","NATURAL",NA,NA,68,NA,NA,118,470,1.8,0.07,0.036,0.605,NA,NA,NA,NA,NA,NA,NA,NA,NA,NA,NA,NA,NA,NA,NA,NA,NA
"MINNESOTA","NALLMARK","CHISAGU","2787","NATURAL",NA,0.47,NA,NA,NA,98,313,0.3,3.66,3.58,0.71,NA,NA,NA,NA,NA,NA,NA,NA,NA,NA,NA,NA,NA,NA,NA,NA,NA
"MINNESOTA","LOST LAKE","ST. LOUIS","2738","NATURAL",NA,0.31,3,NA,NA,90,230,0.3,0.346,0.163,0.3,NA,NA,NA,NA,NA,NA,NA,NA,NA,NA,NA,NA,NA,NA,NA,NA,NA
"MINNESOTA",NA,NA,"2739","V.",NA,NA,NA,NA,NA,900,230,2.8,0.396,168,0.3,NA,68,NA,426,NA,1406,NA,NA,13787,53746,NA,617,56,NA,NA,44,6.7
"MINNESOTA","LAKE ANORUSIA","BELTRAMI","27C0","NATURAL",NA,6.11,7.9,11.9,47,NA,265,1.4,0.025,0.01,0.14,NA,11364,NA,36,12649,24549,47624,NA,1351,312272,361247,15546,37,4.02,NA,12,59.1
"MINNESOTA",NA,NA,"27C!","NATURAL",1631.7,25.98,9.8,10.9,268,157,300,2.2,0.036,0.021,0.09,NA,NA,NA,86,11333,11474,NA,NA,3311,344680,NA,7388,36,0.44,NA,25,13.4
"MINNESOTA","MUD LAKE","ITASCA","27C2","NATURAL",3.11,23,1.3,0,243,117,315,0.2,0.408,0.251,0.815,NA,1111,NA,NA,14,1125,2807,NA,NA,662,3469,NA,95,4.96,680,80,15.3
"MINNESOTA","ALBERT LEA LAKE","FREEUORN","2702","NATURAL",381.77,NA,1.1,1.7,73,184,680,0.2,0.958,0.685,0.84,NA,52254,395,NA,NA,62590,178268,2639,512,425773,607193,44562,29,6.3,384880,37,61.2
"MINNESOTA","BADGER LAKE","POLK","2704","NATURAL",33.53,1.43,1.2,0.2,103,160,460,2,0.022,0.013,0.13,NA,649,NA,NA,259,NA,NA,NA,NA,13202,NA,NA,NA,0.63,15093,0,10.6
"MINNESOTA","BARTLETT LAKE","KOOCHICHING","2705","NATURAL",8.81,1.23,2.6,0.1,1.9,NA,NA,0.5,0.136,0.028,0.355,NA,NA,NA,NA,59,453,NA,NA,NA,NA,4163,195,57,0.37,3383,19,3.4
"MINNESOTA",NA,"FREEBORN","2706","NAIURAL",NA,5.56,0.7,NA,NA,121,420,0.7,0.176,0.043,0.49,NA,NA,NA,NA,NA,NA,NA,NA,NA,NA,NA,NA,NA,NA,NA,NA,NA
"MINNESOTA",NA,"STEARNS","2708","NATURAL",NA,1.63,3.6,NA,NA,NA,343,NA,0.022,0.012,0.14,NA,NA,NA,NA,NA,NA,NA,NA,NA,NA,NA,NA,NA,NA,NA,NA,NA
